package_name,instability,abstactness,distance_from_main_sequence
filesystem,0.8888888888888888,0.0,-0.11111111111111116
internal,0.875,0.0,-0.125
io,0.9583333333333334,0.0,-0.04166666666666663
log,0.8,0.0,-0.19999999999999996
manifest,0.9565217391304348,0.0,-0.04347826086956519
nls,0.9,0.0,-0.09999999999999998
service,NaN,NaN,NaN
tracker,0.967741935483871,0.0,-0.032258064516129004
